,where_to_where,what,sync,cp
0,l-s3,pq,,26.66605
1,l-s3,jpg,24.405619,
2,s3-ec2,pq,6.342678785324097,
3,s3-ec2,jpg,,6.1915929317474365
